"rho","rep","ridge_lambda","ridge_edf","ridge_l2","lasso_lambda","lasso_edf","lasso_l1"
0,100.5,0.199780160849755,20,4.16767324678874,0.0155515084290199,18.91,14.9781038622553
0.5,100.5,0.443632799619091,20,4.26148865748676,0.0442290500952872,17.99,15.0434047050947
0.8,100.5,1.69075308554797,20,4.26761493453638,0.0908270507240735,16.2,15.0196950952347
0.95,100.5,2.29342282801834,20,4.31485999518831,0.0996176181915336,13.435,15.1682298411794
0.99,100.5,1.60166631422337,20,4.23198766432915,0.0983888634377928,9.58,14.9024033844644
